,file_name,trained_on
0,the_stack_python_script_47982.py,1
180,the_stack_python_script_18660.py,1
390,the_stack_python_script_9288.py,0
860,the_stack_python_script_18396.py,0
1040,the_stack_python_script_12950.py,0
1085,the_stack_python_script_17308.py,0
1215,the_stack_python_script_11700.py,0
1325,the_stack_python_script_86731.py,0
1570,the_stack_python_script_1151.py,0
2145,the_stack_python_script_19080.py,0
2195,the_stack_python_script_11132.py,0
2385,the_stack_python_script_18468.py,0
2515,the_stack_python_script_15532.py,0
2655,the_stack_python_script_1388.py,0
2680,the_stack_python_script_92205.py,0
2765,the_stack_python_script_11099.py,0
2905,the_stack_python_script_80283.py,0
2945,the_stack_python_script_86661.py,0
2985,the_stack_python_script_18482.py,0
3110,the_stack_python_script_16357.py,0
3355,the_stack_python_script_12620.py,0
4095,the_stack_python_script_18589.py,0
4175,the_stack_python_script_92407.py,0
4695,the_stack_python_script_80057.py,0
4750,the_stack_python_script_19216.py,0
4800,the_stack_python_script_79904.py,0
5065,the_stack_python_script_16822.py,1
5590,the_stack_python_script_40460.py,1
5700,the_stack_python_script_13763.py,0
5880,the_stack_python_script_86899.py,0
5990,the_stack_python_script_79550.py,0
6170,the_stack_python_script_92698.py,0
6755,the_stack_python_script_17888.py,0
7065,the_stack_python_script_9277.py,0
7110,the_stack_python_script_92955.py,0
7385,the_stack_python_script_86315.py,0
7830,the_stack_python_script_87060.py,0
8105,the_stack_python_script_17897.py,0
8215,the_stack_python_script_17538.py,0
8580,the_stack_python_script_16661.py,0
8865,the_stack_python_script_15408.py,0
8940,the_stack_python_script_10744.py,1
8945,the_stack_python_script_1059.py,0
9060,the_stack_python_script_79414.py,0
9085,the_stack_python_script_13479.py,0
9330,the_stack_python_script_30862.py,0
9400,the_stack_python_script_92917.py,0
9670,the_stack_python_script_8653.py,0
9730,the_stack_python_script_87001.py,1
9890,the_stack_python_script_1116.py,0
9985,the_stack_python_script_13897.py,0
10350,the_stack_python_script_17927.py,0
10585,the_stack_python_script_18575.py,0
10905,the_stack_python_script_1410.py,1
11475,the_stack_python_script_92581.py,0
11835,the_stack_python_script_12511.py,0
11860,the_stack_python_script_92119.py,0
12045,the_stack_python_script_86734.py,0
12305,the_stack_python_script_18829.py,0
12440,the_stack_python_script_11589.py,1
12510,the_stack_python_script_18319.py,0
12530,the_stack_python_script_1337.py,1
12735,the_stack_python_script_20734.py,0
13255,the_stack_python_script_14870.py,1
13330,the_stack_python_script_7998.py,0
13385,the_stack_python_script_12616.py,0
14240,the_stack_python_script_15615.py,0
14260,the_stack_python_script_15293.py,1
14385,the_stack_python_script_14966.py,0
14410,the_stack_python_script_12715.py,0
14715,the_stack_python_script_16468.py,0
15195,the_stack_python_script_10551.py,0
15335,the_stack_python_script_11970.py,1
15520,the_stack_python_script_17418.py,0
15680,the_stack_python_script_16630.py,0
15985,the_stack_python_script_92344.py,0
16030,the_stack_python_script_14134.py,1
16080,the_stack_python_script_10084.py,0
16250,the_stack_python_script_92325.py,0
16425,the_stack_python_script_12438.py,0
16755,the_stack_python_script_15762.py,0
17155,the_stack_python_script_13134.py,1
17345,the_stack_python_script_7971.py,0
17460,the_stack_python_script_1108.py,0
17520,the_stack_python_script_19144.py,0
17660,the_stack_python_script_15443.py,0
17845,the_stack_python_script_86360.py,0
17975,the_stack_python_script_79898.py,0
18190,the_stack_python_script_12901.py,0
18295,the_stack_python_script_71571.py,1
18375,the_stack_python_script_16393.py,1
18530,the_stack_python_script_80307.py,0
18585,the_stack_python_script_1487.py,0
18695,the_stack_python_script_15641.py,0
18715,the_stack_python_script_17378.py,1
18940,the_stack_python_script_11888.py,0
19585,the_stack_python_script_12505.py,0
20025,the_stack_python_script_19071.py,1
20430,the_stack_python_script_92862.py,0
20705,the_stack_python_script_1470.py,0
21095,the_stack_python_script_13090.py,1
21185,the_stack_python_script_92757.py,0
21510,the_stack_python_script_92648.py,0
21535,the_stack_python_script_18491.py,0
21645,the_stack_python_script_16356.py,0
21690,the_stack_python_script_17810.py,0
22320,the_stack_python_script_14933.py,1
22385,the_stack_python_script_87128.py,0
22445,the_stack_python_script_17511.py,1
22595,the_stack_python_script_12542.py,1
22775,the_stack_python_script_80272.py,0
23365,the_stack_python_script_92697.py,1
23820,the_stack_python_script_18271.py,0
24040,the_stack_python_script_86448.py,1
24295,the_stack_python_script_10168.py,0
24365,the_stack_python_script_10755.py,0
24710,the_stack_python_script_92132.py,0
24720,the_stack_python_script_1084.py,0
24835,the_stack_python_script_79812.py,0
24875,the_stack_python_script_10745.py,1
25075,the_stack_python_script_18312.py,0
25370,the_stack_python_script_15943.py,0
25670,the_stack_python_script_86488.py,0
25760,the_stack_python_script_71504.py,0
25980,the_stack_python_script_14029.py,0
26070,the_stack_python_script_92813.py,0
26180,the_stack_python_script_86264.py,1
26430,the_stack_python_script_17843.py,0
26785,the_stack_python_script_42988.py,0
26935,the_stack_python_script_79993.py,0
27190,the_stack_python_script_42929.py,0
27255,the_stack_python_script_10669.py,0
27275,the_stack_python_script_47858.py,0
27860,the_stack_python_script_20007.py,0
28030,the_stack_python_script_1068.py,0
28345,the_stack_python_script_116.py,0
28495,the_stack_python_script_92414.py,0
28505,the_stack_python_script_87107.py,0
28750,the_stack_python_script_79607.py,0
28900,the_stack_python_script_10820.py,1
28910,the_stack_python_script_1045.py,0
28925,the_stack_python_script_92642.py,0
28935,the_stack_python_script_1380.py,0
28995,the_stack_python_script_19647.py,1
29700,the_stack_python_script_15500.py,0
29835,the_stack_python_script_1004.py,1
30305,the_stack_python_script_30993.py,0
30840,the_stack_python_script_15654.py,0
31360,the_stack_python_script_14385.py,0
31410,the_stack_python_script_18940.py,1
31520,the_stack_python_script_13762.py,1
31670,the_stack_python_script_15721.py,1
31735,the_stack_python_script_92090.py,0
32195,the_stack_python_script_15940.py,0
32560,the_stack_python_script_32083.py,0
32815,the_stack_python_script_14713.py,1
32965,the_stack_python_script_92575.py,0
33335,the_stack_python_script_92765.py,0
33800,the_stack_python_script_16072.py,0
33865,the_stack_python_script_92469.py,0
34300,the_stack_python_script_12803.py,1
34565,the_stack_python_script_11315.py,0
34705,the_stack_python_script_11391.py,0
35010,the_stack_python_script_15971.py,1
35150,the_stack_python_script_14133.py,1
35195,the_stack_python_script_42939.py,0
35340,the_stack_python_script_12608.py,0
35520,the_stack_python_script_18236.py,0
35570,the_stack_python_script_13073.py,1
35900,the_stack_python_script_13128.py,0
36270,the_stack_python_script_18139.py,0
36415,the_stack_python_script_15493.py,1
36460,the_stack_python_script_47718.py,0
36485,the_stack_python_script_92641.py,0
36505,the_stack_python_script_12509.py,0
36535,the_stack_python_script_14583.py,0
36570,the_stack_python_script_32135.py,1
0,the_stack_python_script_91839.py,0
60,the_stack_python_script_10024.py,0
625,the_stack_python_script_14380.py,0
690,the_stack_python_script_18519.py,0
880,the_stack_python_script_11206.py,0
945,the_stack_python_script_86259.py,0
1530,the_stack_python_script_12333.py,0
2000,the_stack_python_script_13398.py,0
2615,the_stack_python_script_47910.py,0
2755,the_stack_python_script_86451.py,1
2825,the_stack_python_script_86300.py,0
3035,the_stack_python_script_79880.py,0
3080,the_stack_python_script_13869.py,0
3085,the_stack_python_script_92636.py,1
3695,the_stack_python_script_17201.py,0
3725,the_stack_python_script_14236.py,0
3855,the_stack_python_script_18135.py,0
4035,the_stack_python_script_17530.py,0
4075,the_stack_python_script_47949.py,0
4930,the_stack_python_script_86522.py,0
5595,the_stack_python_script_87049.py,1
6175,the_stack_python_script_14656.py,0
6355,the_stack_python_script_13284.py,0
6435,the_stack_python_script_12875.py,1
6535,the_stack_python_script_12687.py,0
6770,the_stack_python_script_80205.py,0
7205,the_stack_python_script_71559.py,0
7800,the_stack_python_script_30889.py,0
7980,the_stack_python_script_47810.py,0
8605,the_stack_python_script_19223.py,0
8735,the_stack_python_script_91843.py,0
8940,the_stack_python_script_43246.py,0
9095,the_stack_python_script_8698.py,0
9465,the_stack_python_script_86567.py,0
9545,the_stack_python_script_92965.py,0
9755,the_stack_python_script_1884.py,0
10125,the_stack_python_script_17780.py,0
10135,the_stack_python_script_80246.py,0
10520,the_stack_python_script_10342.py,0
10925,the_stack_python_script_139.py,0
11310,the_stack_python_script_13646.py,0
11435,the_stack_python_script_15694.py,0
11515,the_stack_python_script_18537.py,0
11905,the_stack_python_script_87022.py,0
12325,the_stack_python_script_86925.py,1
12970,the_stack_python_script_14989.py,1
13285,the_stack_python_script_42826.py,0
13795,the_stack_python_script_17339.py,0
14170,the_stack_python_script_92148.py,0
14175,the_stack_python_script_14949.py,0
14470,the_stack_python_script_18122.py,1
14695,the_stack_python_script_42817.py,1
14745,the_stack_python_script_79438.py,0
14845,the_stack_python_script_18974.py,0
14900,the_stack_python_script_18585.py,0
14925,the_stack_python_script_14569.py,0
15225,the_stack_python_script_80389.py,0
15310,the_stack_python_script_40469.py,0
15905,the_stack_python_script_8704.py,0
16085,the_stack_python_script_92722.py,1
16120,the_stack_python_script_86514.py,0
16145,the_stack_python_script_18461.py,1
16250,the_stack_python_script_79733.py,0
16310,the_stack_python_script_11807.py,1
16375,the_stack_python_script_1224.py,0
16585,the_stack_python_script_18011.py,0
16795,the_stack_python_script_15713.py,0
17185,the_stack_python_script_12945.py,0
17610,the_stack_python_script_11947.py,0
17630,the_stack_python_script_13495.py,0
17845,the_stack_python_script_1514.py,0
18475,the_stack_python_script_17278.py,1
18570,the_stack_python_script_11108.py,0
18605,the_stack_python_script_1441.py,0
19280,the_stack_python_script_15019.py,0
19340,the_stack_python_script_12885.py,0
19590,the_stack_python_script_16923.py,0
19705,the_stack_python_script_18276.py,0
19880,the_stack_python_script_11501.py,0
20040,the_stack_python_script_1655.py,0
20310,the_stack_python_script_12513.py,0
20405,the_stack_python_script_15405.py,0
20480,the_stack_python_script_12264.py,0
20495,the_stack_python_script_10311.py,0
20720,the_stack_python_script_16292.py,1
21060,the_stack_python_script_11894.py,0
21100,the_stack_python_script_1694.py,0
21330,the_stack_python_script_13538.py,0
21340,the_stack_python_script_16191.py,0
21415,the_stack_python_script_92677.py,0
21555,the_stack_python_script_1865.py,0
22135,the_stack_python_script_10303.py,0
22595,the_stack_python_script_14160.py,1
22835,the_stack_python_script_13851.py,1
23025,the_stack_python_script_17494.py,1
23165,the_stack_python_script_79826.py,0
23255,the_stack_python_script_11908.py,0
23625,the_stack_python_script_15658.py,0
23785,the_stack_python_script_10600.py,1
23825,the_stack_python_script_92284.py,0
23855,the_stack_python_script_1063.py,1
23870,the_stack_python_script_13380.py,0
24270,the_stack_python_script_80075.py,0
24645,the_stack_python_script_17067.py,0
24655,the_stack_python_script_10851.py,0
24910,the_stack_python_script_92019.py,1
24915,the_stack_python_script_80413.py,0
25040,the_stack_python_script_1376.py,0
25085,the_stack_python_script_80076.py,1
25200,the_stack_python_script_17570.py,0
25355,the_stack_python_script_12678.py,1
25420,the_stack_python_script_13163.py,0
25765,the_stack_python_script_86815.py,0
25840,the_stack_python_script_11988.py,1
25865,the_stack_python_script_92518.py,0
26110,the_stack_python_script_16622.py,1
26430,the_stack_python_script_14131.py,0
26570,the_stack_python_script_1616.py,0
26585,the_stack_python_script_14107.py,0
26685,the_stack_python_script_12087.py,0
26720,the_stack_python_script_1182.py,1
27365,the_stack_python_script_10608.py,0
27505,the_stack_python_script_15699.py,0
27870,the_stack_python_script_11732.py,1
28070,the_stack_python_script_17197.py,0
28290,the_stack_python_script_13448.py,0
28535,the_stack_python_script_13534.py,0
29240,the_stack_python_script_80208.py,0
29660,the_stack_python_script_79421.py,0
29860,the_stack_python_script_16345.py,0
30000,the_stack_python_script_30837.py,1
30225,the_stack_python_script_86237.py,0
30415,the_stack_python_script_15152.py,0
30870,the_stack_python_script_13875.py,1
31315,the_stack_python_script_79935.py,0
31370,the_stack_python_script_79411.py,1
32045,the_stack_python_script_32076.py,0
32840,the_stack_python_script_12028.py,0
33065,the_stack_python_script_14777.py,0
33485,the_stack_python_script_16435.py,0
33625,the_stack_python_script_12449.py,1
33870,the_stack_python_script_18283.py,1
34230,the_stack_python_script_91897.py,0
34490,the_stack_python_script_14781.py,0
34820,the_stack_python_script_32103.py,1
34880,the_stack_python_script_18790.py,0
34925,the_stack_python_script_15327.py,0
35035,the_stack_python_script_16052.py,0
35535,the_stack_python_script_11291.py,0
35755,the_stack_python_script_79634.py,0
0,the_stack_python_script_79504.py,0
190,the_stack_python_script_1301.py,0
675,the_stack_python_script_17796.py,1
730,the_stack_python_script_79778.py,1
930,the_stack_python_script_43060.py,1
1005,the_stack_python_script_86245.py,0
1045,the_stack_python_script_13158.py,0
1540,the_stack_python_script_9213.py,0
1790,the_stack_python_script_13316.py,0
1870,the_stack_python_script_92491.py,0
2485,the_stack_python_script_22209.py,0
3165,the_stack_python_script_11525.py,1
3535,the_stack_python_script_32094.py,0
3580,the_stack_python_script_14050.py,1
3920,the_stack_python_script_17139.py,0
4390,the_stack_python_script_19218.py,0
4415,the_stack_python_script_86431.py,0
4555,the_stack_python_script_16366.py,0
4730,the_stack_python_script_86802.py,0
4770,the_stack_python_script_1584.py,0
4795,the_stack_python_script_92039.py,0
5080,the_stack_python_script_16958.py,0
5200,the_stack_python_script_47889.py,1
5225,the_stack_python_script_11384.py,0
5485,the_stack_python_script_13880.py,0
6110,the_stack_python_script_13726.py,0
6675,the_stack_python_script_11490.py,0
6930,the_stack_python_script_1645.py,0
7170,the_stack_python_script_11656.py,1
7635,the_stack_python_script_92500.py,0
7735,the_stack_python_script_92087.py,0
7945,the_stack_python_script_14565.py,0
7950,the_stack_python_script_10102.py,0
7995,the_stack_python_script_17944.py,0
8515,the_stack_python_script_8632.py,0
8605,the_stack_python_script_15168.py,0
8755,the_stack_python_script_11757.py,1
8870,the_stack_python_script_80131.py,0
8890,the_stack_python_script_10680.py,0
9090,the_stack_python_script_15479.py,1
9205,the_stack_python_script_15451.py,0
9875,the_stack_python_script_80022.py,0
10045,the_stack_python_script_18832.py,0
10625,the_stack_python_script_18734.py,0
10795,the_stack_python_script_30826.py,1
10880,the_stack_python_script_11963.py,1
11015,the_stack_python_script_17490.py,1
11110,the_stack_python_script_14530.py,1
11465,the_stack_python_script_86515.py,0
11885,the_stack_python_script_19215.py,0
12300,the_stack_python_script_17119.py,0
12390,the_stack_python_script_17631.py,1
12670,the_stack_python_script_14086.py,0
12845,the_stack_python_script_16282.py,0
12900,the_stack_python_script_86594.py,0
13080,the_stack_python_script_1457.py,1
13285,the_stack_python_script_16656.py,0
13700,the_stack_python_script_30906.py,0
13800,the_stack_python_script_13202.py,1
14010,the_stack_python_script_10876.py,0
14065,the_stack_python_script_13006.py,0
14160,the_stack_python_script_86246.py,0
14510,the_stack_python_script_92268.py,0
14570,the_stack_python_script_18738.py,0
14840,the_stack_python_script_20736.py,0
15000,the_stack_python_script_80025.py,0
15015,the_stack_python_script_25067.py,0
15110,the_stack_python_script_43108.py,0
15130,the_stack_python_script_16120.py,1
15525,the_stack_python_script_19014.py,0
15795,the_stack_python_script_79420.py,0
15805,the_stack_python_script_4782.py,0
16700,the_stack_python_script_14382.py,0
17025,the_stack_python_script_13032.py,1
17360,the_stack_python_script_17346.py,0
17395,the_stack_python_script_80042.py,1
17580,the_stack_python_script_30842.py,0
17710,the_stack_python_script_12941.py,0
17790,the_stack_python_script_17389.py,1
17875,the_stack_python_script_16952.py,1
17935,the_stack_python_script_92257.py,1
18405,the_stack_python_script_32089.py,0
18665,the_stack_python_script_99945.py,0
18830,the_stack_python_script_11923.py,0
18895,the_stack_python_script_92454.py,0
18925,the_stack_python_script_154.py,1
19410,the_stack_python_script_71656.py,0
19480,the_stack_python_script_91893.py,0
19585,the_stack_python_script_91949.py,1
19650,the_stack_python_script_13140.py,0
20230,the_stack_python_script_11521.py,0
20665,the_stack_python_script_17672.py,0
21290,the_stack_python_script_10352.py,1
21905,the_stack_python_script_12925.py,0
21940,the_stack_python_script_18240.py,0
21945,the_stack_python_script_80411.py,1
22070,the_stack_python_script_11067.py,0
22390,the_stack_python_script_86346.py,1
22875,the_stack_python_script_3213.py,0
23390,the_stack_python_script_17860.py,0
23650,the_stack_python_script_18153.py,0
23855,the_stack_python_script_12426.py,0
24015,the_stack_python_script_13084.py,0
24040,the_stack_python_script_11555.py,0
24255,the_stack_python_script_13318.py,0
24280,the_stack_python_script_11383.py,0
24370,the_stack_python_script_17217.py,1
24430,the_stack_python_script_92081.py,0
24600,the_stack_python_script_91885.py,0
24920,the_stack_python_script_11024.py,0
24995,the_stack_python_script_92522.py,0
25005,the_stack_python_script_71223.py,0
25255,the_stack_python_script_17894.py,0
25670,the_stack_python_script_8687.py,0
26175,the_stack_python_script_15830.py,1
26270,the_stack_python_script_14924.py,0
26275,the_stack_python_script_79630.py,0
26740,the_stack_python_script_12587.py,0
26975,the_stack_python_script_15000.py,0
27260,the_stack_python_script_17971.py,0
27355,the_stack_python_script_13367.py,0
27470,the_stack_python_script_12259.py,0
27515,the_stack_python_script_11171.py,0
27685,the_stack_python_script_10201.py,0
27750,the_stack_python_script_86394.py,0
27880,the_stack_python_script_91817.py,0
27990,the_stack_python_script_86406.py,0
28060,the_stack_python_script_32182.py,0
28205,the_stack_python_script_15427.py,1
28235,the_stack_python_script_11985.py,1
28550,the_stack_python_script_11959.py,0
0,the_stack_python_script_92474.py,0
285,the_stack_python_script_17220.py,1
650,the_stack_python_script_1905.py,0
820,the_stack_python_script_18049.py,0
1255,the_stack_python_script_16614.py,0
1515,the_stack_python_script_79725.py,0
2125,the_stack_python_script_13442.py,0
2390,the_stack_python_script_17499.py,1
2525,the_stack_python_script_19013.py,0
3010,the_stack_python_script_18248.py,0
3230,the_stack_python_script_18789.py,0
3445,the_stack_python_script_80290.py,0
3840,the_stack_python_script_43097.py,1
3895,the_stack_python_script_12129.py,1
4285,the_stack_python_script_7125.py,0
4360,the_stack_python_script_13408.py,0
4745,the_stack_python_script_79947.py,0
4800,the_stack_python_script_14022.py,0
5075,the_stack_python_script_1743.py,0
5185,the_stack_python_script_10209.py,0
5595,the_stack_python_script_10507.py,0
5800,the_stack_python_script_92266.py,0
5850,the_stack_python_script_32077.py,1
6115,the_stack_python_script_1378.py,0
6410,the_stack_python_script_92671.py,0
6645,the_stack_python_script_17245.py,1
6710,the_stack_python_script_1037.py,1
7245,the_stack_python_script_42945.py,0
7435,the_stack_python_script_14619.py,0
7480,the_stack_python_script_79916.py,0
7920,the_stack_python_script_8620.py,0
8220,the_stack_python_script_12439.py,0
8225,the_stack_python_script_86749.py,0
8310,the_stack_python_script_32164.py,0
8430,the_stack_python_script_10735.py,0
8475,the_stack_python_script_79655.py,0
8630,the_stack_python_script_18583.py,0
8985,the_stack_python_script_14072.py,1
9210,the_stack_python_script_11809.py,1
9560,the_stack_python_script_86911.py,1
10155,the_stack_python_script_92945.py,0
10795,the_stack_python_script_14061.py,0
10855,the_stack_python_script_14365.py,1
11045,the_stack_python_script_14577.py,0
11155,the_stack_python_script_12501.py,1
11370,the_stack_python_script_80337.py,0
11580,the_stack_python_script_12664.py,0
12275,the_stack_python_script_19079.py,1
12555,the_stack_python_script_79604.py,0
12610,the_stack_python_script_87048.py,0
12760,the_stack_python_script_11417.py,0
13300,the_stack_python_script_17617.py,0
13325,the_stack_python_script_16754.py,0
13335,the_stack_python_script_80509.py,0
13720,the_stack_python_script_10156.py,0
13870,the_stack_python_script_15910.py,0
14405,the_stack_python_script_92576.py,1
14830,the_stack_python_script_16695.py,0
15075,the_stack_python_script_12442.py,0
15260,the_stack_python_script_47853.py,0
15715,the_stack_python_script_11236.py,0
15965,the_stack_python_script_14138.py,0
16050,the_stack_python_script_192.py,0
16055,the_stack_python_script_1102.py,0
16175,the_stack_python_script_18728.py,0
16545,the_stack_python_script_14087.py,0
16620,the_stack_python_script_18618.py,0
16705,the_stack_python_script_12263.py,0

17285,the_stack_python_script_92903.py,1
17345,the_stack_python_script_11213.py,1
17565,the_stack_python_script_10936.py,0
17700,the_stack_python_script_32180.py,0
17995,the_stack_python_script_10907.py,1
18060,the_stack_python_script_10808.py,1
18075,the_stack_python_script_47825.py,0
18125,the_stack_python_script_11468.py,0
18145,the_stack_python_script_15816.py,1
18470,the_stack_python_script_92957.py,0
18570,the_stack_python_script_10485.py,0
18900,the_stack_python_script_86957.py,0
19045,the_stack_python_script_12914.py,1
19270,the_stack_python_script_11493.py,1
19325,the_stack_python_script_80486.py,0
19345,the_stack_python_script_16649.py,0
19540,the_stack_python_script_8040.py,0
20220,the_stack_python_script_25128.py,0
20295,the_stack_python_script_71634.py,1
20360,the_stack_python_script_92496.py,0
20380,the_stack_python_script_17069.py,1
20425,the_stack_python_script_86276.py,0
20500,the_stack_python_script_92517.py,0
20505,the_stack_python_script_10607.py,0
20605,the_stack_python_script_79836.py,0
20950,the_stack_python_script_16034.py,1
21270,the_stack_python_script_9263.py,0
21310,the_stack_python_script_178.py,0
21545,the_stack_python_script_10162.py,0
21615,the_stack_python_script_3087.py,1
21760,the_stack_python_script_47768.py,0
22205,the_stack_python_script_42877.py,1
22385,the_stack_python_script_16910.py,1
22715,the_stack_python_script_17976.py,0
22990,the_stack_python_script_80306.py,0
23515,the_stack_python_script_14553.py,0
23900,the_stack_python_script_11259.py,1
24025,the_stack_python_script_10589.py,0
24815,the_stack_python_script_71610.py,0
25085,the_stack_python_script_16982.py,0
25495,the_stack_python_script_13255.py,0
25590,the_stack_python_script_14202.py,0
25935,the_stack_python_script_11409.py,0
26190,the_stack_python_script_12655.py,0
26895,the_stack_python_script_87036.py,1
27045,the_stack_python_script_15419.py,0
27125,the_stack_python_script_16957.py,0
27350,the_stack_python_script_86500.py,0
27785,the_stack_python_script_1176.py,0
27885,the_stack_python_script_12558.py,0
27940,the_stack_python_script_8018.py,0
28210,the_stack_python_script_15244.py,0
28565,the_stack_python_script_16652.py,0
28955,the_stack_python_script_1703.py,0
29180,the_stack_python_script_15711.py,0
29525,the_stack_python_script_11280.py,0
29865,the_stack_python_script_10737.py,1
30165,the_stack_python_script_16339.py,0
30240,the_stack_python_script_16494.py,0
30250,the_stack_python_script_17342.py,0
30420,the_stack_python_script_17870.py,1
30690,the_stack_python_script_15663.py,0
30810,the_stack_python_script_17138.py,0
30915,the_stack_python_script_13118.py,0
31015,the_stack_python_script_14510.py,0
31020,the_stack_python_script_10230.py,1
31090,the_stack_python_script_86831.py,1
31300,the_stack_python_script_8030.py,0
31780,the_stack_python_script_80383.py,0
31835,the_stack_python_script_92238.py,0
31960,the_stack_python_script_12574.py,0
32180,the_stack_python_script_11956.py,0
32390,the_stack_python_script_17628.py,0
0,the_stack_python_script_18882.py,1
330,the_stack_python_script_12915.py,0
500,the_stack_python_script_48002.py,0
550,the_stack_python_script_19122.py,0
755,the_stack_python_script_25099.py,1
1175,the_stack_python_script_14314.py,0
1405,the_stack_python_script_42828.py,0
1650,the_stack_python_script_10493.py,0
1845,the_stack_python_script_32187.py,1
2285,the_stack_python_script_17170.py,1
2375,the_stack_python_script_13800.py,1
2510,the_stack_python_script_18837.py,0
2585,the_stack_python_script_14618.py,0
2835,the_stack_python_script_18114.py,0
2915,the_stack_python_script_13913.py,0
2970,the_stack_python_script_19261.py,0
3090,the_stack_python_script_18518.py,1
3200,the_stack_python_script_92711.py,0
3260,the_stack_python_script_79978.py,1
3345,the_stack_python_script_86392.py,0
3455,the_stack_python_script_15837.py,0
3540,the_stack_python_script_86391.py,1
3935,the_stack_python_script_91952.py,0
4015,the_stack_python_script_86203.py,0
4035,the_stack_python_script_14312.py,0
4155,the_stack_python_script_15061.py,0
4475,the_stack_python_script_17099.py,0
4500,the_stack_python_script_80211.py,1
4610,the_stack_python_script_13335.py,0
4750,the_stack_python_script_14729.py,0
4955,the_stack_python_script_10655.py,0
5065,the_stack_python_script_43056.py,0
5255,the_stack_python_script_15638.py,0
5565,the_stack_python_script_13280.py,0
5595,the_stack_python_script_20006.py,0
5770,the_stack_python_script_18217.py,0
5815,the_stack_python_script_80060.py,0
6150,the_stack_python_script_14071.py,0
6300,the_stack_python_script_71503.py,0
6320,the_stack_python_script_16073.py,1
6520,the_stack_python_script_16558.py,1
6840,the_stack_python_script_4297.py,0
7355,the_stack_python_script_7170.py,0
7935,the_stack_python_script_86356.py,0
8230,the_stack_python_script_71698.py,0
8605,the_stack_python_script_17939.py,0
9150,the_stack_python_script_15407.py,0
9345,the_stack_python_script_13065.py,0
9465,the_stack_python_script_14935.py,0
9870,the_stack_python_script_1442.py,1
10120,the_stack_python_script_14956.py,0
10140,the_stack_python_script_15226.py,0
10195,the_stack_python_script_86565.py,1
10525,the_stack_python_script_92051.py,0
10595,the_stack_python_script_92587.py,0
10635,the_stack_python_script_14602.py,1
11205,the_stack_python_script_1241.py,0
11225,the_stack_python_script_13673.py,0
11610,the_stack_python_script_71574.py,0
12035,the_stack_python_script_10516.py,1
12085,the_stack_python_script_12432.py,0
12170,the_stack_python_script_92306.py,1
12310,the_stack_python_script_16473.py,0
12470,the_stack_python_script_80152.py,0
12600,the_stack_python_script_79505.py,0
12630,the_stack_python_script_32193.py,1
12820,the_stack_python_script_17236.py,1
12870,the_stack_python_script_79557.py,1
13000,the_stack_python_script_15583.py,0
13765,the_stack_python_script_14901.py,0
14285,the_stack_python_script_10003.py,0
14365,the_stack_python_script_92444.py,0
15050,the_stack_python_script_16640.py,0
15135,the_stack_python_script_14876.py,1
15200,the_stack_python_script_14811.py,1
15595,the_stack_python_script_10128.py,0
15700,the_stack_python_script_86497.py,0
15770,the_stack_python_script_92198.py,1
15785,the_stack_python_script_17793.py,0
16170,the_stack_python_script_80326.py,0
16305,the_stack_python_script_92107.py,0
16450,the_stack_python_script_4321.py,0
16865,the_stack_python_script_16095.py,0
16915,the_stack_python_script_86327.py,0
16925,the_stack_python_script_7969.py,0
17315,the_stack_python_script_86278.py,0
17650,the_stack_python_script_11695.py,0
17700,the_stack_python_script_30818.py,0
17725,the_stack_python_script_47709.py,1
18145,the_stack_python_script_15650.py,1
18345,the_stack_python_script_11671.py,0
18730,the_stack_python_script_79989.py,0
18785,the_stack_python_script_1174.py,0
18945,the_stack_python_script_12929.py,0
19255,the_stack_python_script_8627.py,0
19370,the_stack_python_script_9184.py,1
19830,the_stack_python_script_30939.py,1
20030,the_stack_python_script_92041.py,0
20065,the_stack_python_script_15913.py,0
20255,the_stack_python_script_15284.py,1
20395,the_stack_python_script_18638.py,0
20830,the_stack_python_script_15345.py,0
20900,the_stack_python_script_16853.py,0
20930,the_stack_python_script_1554.py,0
20995,the_stack_python_script_10219.py,0
21085,the_stack_python_script_17801.py,0
21210,the_stack_python_script_92105.py,0
21345,the_stack_python_script_19182.py,0
21350,the_stack_python_script_10355.py,0
21460,the_stack_python_script_10708.py,0
21940,the_stack_python_script_14882.py,0
21945,the_stack_python_script_16864.py,0
22385,the_stack_python_script_19245.py,1
22435,the_stack_python_script_92409.py,1
22830,the_stack_python_script_91886.py,0
23170,the_stack_python_script_14496.py,0
23705,the_stack_python_script_12787.py,0
24120,the_stack_python_script_93021.py,0
24585,the_stack_python_script_11158.py,0
24780,the_stack_python_script_79450.py,1
24895,the_stack_python_script_71326.py,0
25050,the_stack_python_script_1664.py,0
25070,the_stack_python_script_15398.py,0
25180,the_stack_python_script_14642.py,0
25580,the_stack_python_script_12673.py,0

25925,the_stack_python_script_19036.py,0
25975,the_stack_python_script_32111.py,0
26240,the_stack_python_script_11144.py,0
26510,the_stack_python_script_1849.py,0
26955,the_stack_python_script_32209.py,0
26960,the_stack_python_script_80031.py,1
27105,the_stack_python_script_15425.py,0
27500,the_stack_python_script_14661.py,1
27970,the_stack_python_script_17434.py,1
28070,the_stack_python_script_1588.py,0
29100,the_stack_python_script_12165.py,0
29235,the_stack_python_script_22221.py,0
29400,the_stack_python_script_86192.py,0
29495,the_stack_python_script_71255.py,0
29720,the_stack_python_script_71390.py,1
29730,the_stack_python_script_47895.py,0
29865,the_stack_python_script_16794.py,1
30180,the_stack_python_script_79720.py,0
30200,the_stack_python_script_12923.py,0
30635,the_stack_python_script_79608.py,0
30705,the_stack_python_script_10151.py,1
31090,the_stack_python_script_18170.py,0
31095,the_stack_python_script_13372.py,0
31745,the_stack_python_script_71666.py,0
31925,the_stack_python_script_920.py,0
32125,the_stack_python_script_92621.py,0
32305,the_stack_python_script_71478.py,0
0,the_stack_python_script_17229.py,0
375,the_stack_python_script_11147.py,1
625,the_stack_python_script_92717.py,1
775,the_stack_python_script_14407.py,0
865,the_stack_python_script_11573.py,0
1340,the_stack_python_script_86226.py,0
1345,the_stack_python_script_18008.py,0
2435,the_stack_python_script_91916.py,0
2585,the_stack_python_script_86310.py,0
2640,the_stack_python_script_17632.py,1
3005,the_stack_python_script_15213.py,0
3085,the_stack_python_script_12713.py,1
3160,the_stack_python_script_13159.py,0
3310,the_stack_python_script_1597.py,0
3470,the_stack_python_script_14052.py,0
3570,the_stack_python_script_15813.py,1
3725,the_stack_python_script_71384.py,0
3955,the_stack_python_script_86967.py,1
4145,the_stack_python_script_86835.py,0
4255,the_stack_python_script_9994.py,1
4715,the_stack_python_script_92646.py,1
5165,the_stack_python_script_17085.py,1
5470,the_stack_python_script_14400.py,0
5915,the_stack_python_script_12127.py,0
6190,the_stack_python_script_8688.py,0
6435,the_stack_python_script_14432.py,0
6695,the_stack_python_script_19002.py,0
6715,the_stack_python_script_13121.py,0
6795,the_stack_python_script_30935.py,0
6810,the_stack_python_script_14837.py,0
6910,the_stack_python_script_10389.py,0
7045,the_stack_python_script_32215.py,0
8130,the_stack_python_script_32144.py,0
8155,the_stack_python_script_13956.py,0
8230,the_stack_python_script_43025.py,0
8350,the_stack_python_script_1499.py,0
8540,the_stack_python_script_130.py,0
9085,the_stack_python_script_14191.py,1
9125,the_stack_python_script_80029.py,1
9680,the_stack_python_script_10007.py,0
10120,the_stack_python_script_15087.py,1
10340,the_stack_python_script_19648.py,1
10745,the_stack_python_script_1634.py,0
10805,the_stack_python_script_15139.py,0
11010,the_stack_python_script_16368.py,0
11150,the_stack_python_script_29643.py,0
11230,the_stack_python_script_47737.py,1
11330,the_stack_python_script_16588.py,0
11390,the_stack_python_script_18366.py,0
11665,the_stack_python_script_47975.py,0
11955,the_stack_python_script_92488.py,1
12220,the_stack_python_script_16711.py,0
12410,the_stack_python_script_16390.py,1
12455,the_stack_python_script_92688.py,0
12670,the_stack_python_script_18852.py,0
12700,the_stack_python_script_71244.py,0
12980,the_stack_python_script_10161.py,0
13030,the_stack_python_script_18358.py,1
13035,the_stack_python_script_1878.py,0
13090,the_stack_python_script_16453.py,0
13190,the_stack_python_script_79453.py,1
13355,the_stack_python_script_43068.py,0
13955,the_stack_python_script_13837.py,0
14505,the_stack_python_script_47701.py,0
14795,the_stack_python_script_15838.py,0
15390,the_stack_python_script_1663.py,0
15400,the_stack_python_script_79914.py,1
15695,the_stack_python_script_13309.py,1
15725,the_stack_python_script_11709.py,0
15780,the_stack_python_script_16796.py,0
15860,the_stack_python_script_15224.py,0
16250,the_stack_python_script_16809.py,0
16280,the_stack_python_script_14678.py,1
16485,the_stack_python_script_122.py,0
16545,the_stack_python_script_16918.py,1
17310,the_stack_python_script_2511.py,0
17625,the_stack_python_script_11957.py,0
17735,the_stack_python_script_91927.py,0
17890,the_stack_python_script_17884.py,1
18705,the_stack_python_script_16604.py,0
18865,the_stack_python_script_17770.py,0
19205,the_stack_python_script_91832.py,0
19210,the_stack_python_script_13300.py,0
19245,the_stack_python_script_9222.py,0
19765,the_stack_python_script_10155.py,1
19825,the_stack_python_script_16306.py,1
19915,the_stack_python_script_13544.py,0
19925,the_stack_python_script_92404.py,0
20125,the_stack_python_script_86748.py,0
20660,the_stack_python_script_15336.py,1
21255,the_stack_python_script_12895.py,0
21505,the_stack_python_script_11168.py,0
21540,the_stack_python_script_80380.py,1
21645,the_stack_python_script_92144.py,0
22275,the_stack_python_script_80257.py,0
22350,the_stack_python_script_80360.py,0
22415,the_stack_python_script_18348.py,0
22760,the_stack_python_script_11284.py,0
22975,the_stack_python_script_18204.py,0
23070,the_stack_python_script_14930.py,0
23140,the_stack_python_script_18686.py,0
23440,the_stack_python_script_16044.py,1
23555,the_stack_python_script_10653.py,1
23790,the_stack_python_script_19012.py,0
24245,the_stack_python_script_86980.py,0
24480,the_stack_python_script_18704.py,0
24710,the_stack_python_script_16132.py,0
24750,the_stack_python_script_80019.py,0
24850,the_stack_python_script_13978.py,0
25220,the_stack_python_script_15188.py,0
25440,the_stack_python_script_19034.py,0
25505,the_stack_python_script_92097.py,0
26165,the_stack_python_script_12591.py,0
26610,the_stack_python_script_11605.py,0
0,the_stack_python_script_87000.py,0
165,the_stack_python_script_92258.py,0
325,the_stack_python_script_16858.py,0
490,the_stack_python_script_17641.py,0
565,the_stack_python_script_12072.py,1
625,the_stack_python_script_91976.py,1
1000,the_stack_python_script_14704.py,0
1010,the_stack_python_script_91958.py,0
1115,the_stack_python_script_19192.py,0
1160,the_stack_python_script_17251.py,0
1220,the_stack_python_script_1636.py,0
1655,the_stack_python_script_40461.py,1
2245,the_stack_python_script_32179.py,0
2335,the_stack_python_script_11334.py,0
2430,the_stack_python_script_86323.py,0
2480,the_stack_python_script_10965.py,1
2500,the_stack_python_script_16133.py,1
2505,the_stack_python_script_25064.py,0
2530,the_stack_python_script_91953.py,0
2675,the_stack_python_script_13524.py,0
2735,the_stack_python_script_47878.py,1
2850,the_stack_python_script_13374.py,0
2915,the_stack_python_script_45699.py,0
3620,the_stack_python_script_15171.py,0
3645,the_stack_python_script_13350.py,1
3835,the_stack_python_script_92916.py,1
4345,the_stack_python_script_86871.py,0
4505,the_stack_python_script_12257.py,0
4520,the_stack_python_script_1670.py,0
4655,the_stack_python_script_12912.py,0
4780,the_stack_python_script_86846.py,0
4960,the_stack_python_script_11876.py,1
4980,the_stack_python_script_16785.py,0
5070,the_stack_python_script_14589.py,0
5145,the_stack_python_script_10920.py,0
5470,the_stack_python_script_10099.py,1
5805,the_stack_python_script_15392.py,0
5850,the_stack_python_script_32050.py,1
6255,the_stack_python_script_18329.py,0
6415,the_stack_python_script_10949.py,1
6755,the_stack_python_script_16493.py,0
6790,the_stack_python_script_10946.py,1
7005,the_stack_python_script_86487.py,0
7070,the_stack_python_script_12549.py,0
7805,the_stack_python_script_43143.py,0
7900,the_stack_python_script_1466.py,0
8310,the_stack_python_script_1007.py,0
8365,the_stack_python_script_47947.py,0
8875,the_stack_python_script_17196.py,0
8925,the_stack_python_script_13810.py,0
9430,the_stack_python_script_15635.py,1
9525,the_stack_python_script_71702.py,0
9700,the_stack_python_script_92901.py,0
10055,the_stack_python_script_16807.py,0
10560,the_stack_python_script_7982.py,0
10595,the_stack_python_script_10153.py,0
0,the_stack_python_script_43193.py,0
190,the_stack_python_script_17117.py,0
560,the_stack_python_script_15387.py,1
680,the_stack_python_script_13717.py,0
715,the_stack_python_script_12011.py,1
1065,the_stack_python_script_16780.py,0
1225,the_stack_python_script_86991.py,0
1305,the_stack_python_script_16755.py,0
1350,the_stack_python_script_42897.py,0
1910,the_stack_python_script_18353.py,0
2030,the_stack_python_script_18100.py,0
2065,the_stack_python_script_18194.py,0
2120,the_stack_python_script_1252.py,0
2280,the_stack_python_script_10971.py,1
2800,the_stack_python_script_31.py,0
3475,the_stack_python_script_1034.py,0
3795,the_stack_python_script_17268.py,0
3805,the_stack_python_script_86662.py,0
3865,the_stack_python_script_14051.py,1
4070,the_stack_python_script_92819.py,0
4195,the_stack_python_script_14263.py,0
4570,the_stack_python_script_15229.py,0
4990,the_stack_python_script_15432.py,0
5440,the_stack_python_script_16561.py,0
5480,the_stack_python_script_30967.py,0
5775,the_stack_python_script_80444.py,0
5905,the_stack_python_script_16045.py,0
5975,the_stack_python_script_10051.py,0
6120,the_stack_python_script_1426.py,0
6165,the_stack_python_script_92134.py,0
6555,the_stack_python_script_92338.py,0
6620,the_stack_python_script_10911.py,0
6665,the_stack_python_script_18494.py,0
6745,the_stack_python_script_80403.py,0
6845,the_stack_python_script_10595.py,0
6930,the_stack_python_script_14463.py,1
7015,the_stack_python_script_79472.py,0
7320,the_stack_python_script_9243.py,1
7360,the_stack_python_script_32082.py,0
7900,the_stack_python_script_86724.py,1
7905,the_stack_python_script_12146.py,0
7940,the_stack_python_script_92679.py,1
8065,the_stack_python_script_1422.py,0
8145,the_stack_python_script_10617.py,1
8510,the_stack_python_script_71622.py,0
8520,the_stack_python_script_14431.py,1
8625,the_stack_python_script_47697.py,0
8660,the_stack_python_script_11531.py,0
8705,the_stack_python_script_13704.py,0
8865,the_stack_python_script_87089.py,0
9020,the_stack_python_script_12262.py,0
9485,the_stack_python_script_14705.py,1
9605,the_stack_python_script_15143.py,0
9910,the_stack_python_script_14180.py,1
0,the_stack_python_script_11440.py,0
2,the_stack_python_script_16547.py,0
26,the_stack_python_script_3094.py,1
86,the_stack_python_script_11341.py,0
138,the_stack_python_script_17334.py,0
200,the_stack_python_script_92126.py,0
222,the_stack_python_script_12548.py,0
251,the_stack_python_script_15879.py,0
290,the_stack_python_script_12382.py,1
300,the_stack_python_script_11818.py,0
332,the_stack_python_script_80304.py,0
449,the_stack_python_script_11526.py,1
497,the_stack_python_script_13685.py,0
537,the_stack_python_script_43242.py,0
564,the_stack_python_script_1225.py,0
659,the_stack_python_script_92992.py,0
700,the_stack_python_script_12820.py,0
727,the_stack_python_script_18372.py,0
747,the_stack_python_script_92459.py,0
775,the_stack_python_script_8029.py,0
850,the_stack_python_script_1417.py,0
863,the_stack_python_script_10849.py,1
918,the_stack_python_script_16508.py,1
930,the_stack_python_script_3206.py,0
1026,the_stack_python_script_17314.py,0
1083,the_stack_python_script_13688.py,0
1088,the_stack_python_script_15370.py,1
1117,the_stack_python_script_10795.py,0
1182,the_stack_python_script_86869.py,1
1276,the_stack_python_script_12475.py,0
1286,the_stack_python_script_86321.py,1
1314,the_stack_python_script_16801.py,0
1366,the_stack_python_script_79911.py,0
1387,the_stack_python_script_86260.py,0
1467,the_stack_python_script_10992.py,0
1512,the_stack_python_script_32054.py,0
1513,the_stack_python_script_17207.py,0
1522,the_stack_python_script_13650.py,0
1635,the_stack_python_script_15113.py,1
1683,the_stack_python_script_30814.py,0
1711,the_stack_python_script_79991.py,0
1769,the_stack_python_script_19096.py,0
1771,the_stack_python_script_18836.py,0
1885,the_stack_python_script_47715.py,0
1910,the_stack_python_script_87092.py,0
1971,the_stack_python_script_14889.py,0
2060,the_stack_python_script_91887.py,0
2223,the_stack_python_script_86741.py,1
2234,the_stack_python_script_16660.py,0
2273,the_stack_python_script_47952.py,1
2342,the_stack_python_script_8697.py,0
2364,the_stack_python_script_12695.py,0
2368,the_stack_python_script_1576.py,0
2390,the_stack_python_script_8619.py,1
2453,the_stack_python_script_11513.py,1
2527,the_stack_python_script_92477.py,0
2563,the_stack_python_script_18221.py,0
2640,the_stack_python_script_92398.py,1
2727,the_stack_python_script_99950.py,1
2796,the_stack_python_script_14034.py,0
2810,the_stack_python_script_14974.py,0
2861,the_stack_python_script_93031.py,0
2912,the_stack_python_script_10841.py,0
2972,the_stack_python_script_43229.py,0
2980,the_stack_python_script_17807.py,0
2999,the_stack_python_script_10353.py,0
3095,the_stack_python_script_17724.py,0
3102,the_stack_python_script_13191.py,0
3130,the_stack_python_script_43122.py,0
3153,the_stack_python_script_42797.py,0
3239,the_stack_python_script_10781.py,0
3264,the_stack_python_script_13187.py,0
3267,the_stack_python_script_92628.py,1
3376,the_stack_python_script_10651.py,0
3414,the_stack_python_script_11579.py,1
3500,the_stack_python_script_43053.py,0
3607,the_stack_python_script_18089.py,0
3730,the_stack_python_script_92429.py,0
3742,the_stack_python_script_17812.py,1
3856,the_stack_python_script_1676.py,0
3876,the_stack_python_script_93038.py,0
3902,the_stack_python_script_80012.py,1
3996,the_stack_python_script_47795.py,0
4028,the_stack_python_script_87038.py,0
4042,the_stack_python_script_18125.py,0
4078,the_stack_python_script_11150.py,0
4106,the_stack_python_script_928.py,0
4117,the_stack_python_script_92866.py,0
4126,the_stack_python_script_1200.py,0
4179,the_stack_python_script_10908.py,0
4226,the_stack_python_script_86480.py,1
4264,the_stack_python_script_17599.py,1
4350,the_stack_python_script_8032.py,0
4367,the_stack_python_script_92772.py,0
4477,the_stack_python_script_11718.py,0
4525,the_stack_python_script_80201.py,0
4577,the_stack_python_script_47764.py,0
4585,the_stack_python_script_86593.py,0
4656,the_stack_python_script_92568.py,0
4762,the_stack_python_script_80318.py,0
4851,the_stack_python_script_1306.py,0
4921,the_stack_python_script_15033.py,1
4995,the_stack_python_script_19468.py,0
5060,the_stack_python_script_7950.py,0
5085,the_stack_python_script_12773.py,1
5204,the_stack_python_script_99944.py,0
5345,the_stack_python_script_12434.py,1
5425,the_stack_python_script_86247.py,0
5438,the_stack_python_script_15792.py,1
5447,the_stack_python_script_86728.py,0
5472,the_stack_python_script_80253.py,0
5530,the_stack_python_script_79822.py,0
5548,the_stack_python_script_10070.py,0
5568,the_stack_python_script_15716.py,1
5626,the_stack_python_script_86697.py,0
5670,the_stack_python_script_15695.py,0
5684,the_stack_python_script_1375.py,0
5693,the_stack_python_script_18576.py,0
5717,the_stack_python_script_11554.py,0
5802,the_stack_python_script_10615.py,0
5887,the_stack_python_script_11029.py,1
5905,the_stack_python_script_4317.py,0
5977,the_stack_python_script_14511.py,0
6030,the_stack_python_script_18866.py,0
6058,the_stack_python_script_17574.py,0
6084,the_stack_python_script_86405.py,1
6131,the_stack_python_script_14136.py,0
6209,the_stack_python_script_86838.py,1
6229,the_stack_python_script_11097.py,0
6245,the_stack_python_script_9249.py,0
6246,the_stack_python_script_18113.py,0
6273,the_stack_python_script_15765.py,0
6401,the_stack_python_script_14683.py,1
6485,the_stack_python_script_1502.py,0
6489,the_stack_python_script_18850.py,0
6515,the_stack_python_script_8013.py,0
6550,the_stack_python_script_86385.py,1
6684,the_stack_python_script_14064.py,1
6722,the_stack_python_script_10672.py,0
6808,the_stack_python_script_16319.py,0
6894,the_stack_python_script_14962.py,0
6958,the_stack_python_script_3211.py,0
6991,the_stack_python_script_18084.py,0
7006,the_stack_python_script_71570.py,0
7074,the_stack_python_script_18337.py,0
7105,the_stack_python_script_86952.py,0
7175,the_stack_python_script_71293.py,0
7217,the_stack_python_script_92854.py,0
7232,the_stack_python_script_1654.py,0
7299,the_stack_python_script_71653.py,0
7321,the_stack_python_script_79684.py,0
7365,the_stack_python_script_71685.py,0
7449,the_stack_python_script_79987.py,1
7530,the_stack_python_script_80092.py,0
7584,the_stack_python_script_1392.py,1
7629,the_stack_python_script_11101.py,0
7645,the_stack_python_script_18624.py,1
7729,the_stack_python_script_17450.py,0
7742,the_stack_python_script_79439.py,0
7809,the_stack_python_script_17945.py,0
7815,the_stack_python_script_43078.py,0
7861,the_stack_python_script_1335.py,0
7958,the_stack_python_script_16760.py,0
8007,the_stack_python_script_11489.py,1
8046,the_stack_python_script_11653.py,0
8124,the_stack_python_script_1623.py,0
8128,the_stack_python_script_12671.py,0
8269,the_stack_python_script_14829.py,0
8316,the_stack_python_script_12763.py,0
8356,the_stack_python_script_8707.py,0
8375,the_stack_python_script_16851.py,0
8378,the_stack_python_script_80503.py,1
8410,the_stack_python_script_16212.py,0
8475,the_stack_python_script_1070.py,0
8584,the_stack_python_script_1603.py,0
8598,the_stack_python_script_12253.py,0
8620,the_stack_python_script_42900.py,0
8649,the_stack_python_script_18869.py,0
8756,the_stack_python_script_12240.py,0
8817,the_stack_python_script_79891.py,1
8824,the_stack_python_script_92042.py,0
8828,the_stack_python_script_10043.py,1
8890,the_stack_python_script_18969.py,0
8900,the_stack_python_script_10150.py,0
8957,the_stack_python_script_18683.py,0
8999,the_stack_python_script_13422.py,0
9001,the_stack_python_script_86718.py,0
9074,the_stack_python_script_80373.py,0
9121,the_stack_python_script_30872.py,0
9193,the_stack_python_script_18975.py,1
9288,the_stack_python_script_16226.py,0
9397,the_stack_python_script_79855.py,0
9399,the_stack_python_script_4774.py,1
9400,the_stack_python_script_16310.py,1
9486,the_stack_python_script_18592.py,0
9513,the_stack_python_script_93005.py,0
9541,the_stack_python_script_16747.py,0
9576,the_stack_python_script_12367.py,0
9599,the_stack_python_script_80477.py,0
9717,the_stack_python_script_11418.py,1
9784,the_stack_python_script_80431.py,1
9843,the_stack_python_script_79661.py,1
9943,the_stack_python_script_13636.py,1
9977,the_stack_python_script_9287.py,0
9983,the_stack_python_script_14606.py,1
10009,the_stack_python_script_1860.py,0
10015,the_stack_python_script_12388.py,0
10026,the_stack_python_script_1032.py,0
10037,the_stack_python_script_15198.py,0
10050,the_stack_python_script_14904.py,0
10123,the_stack_python_script_13569.py,0
10140,the_stack_python_script_18729.py,0
10236,the_stack_python_script_86576.py,0
10273,the_stack_python_script_87044.py,0
10307,the_stack_python_script_8623.py,0
10402,the_stack_python_script_43089.py,0
10417,the_stack_python_script_92689.py,0
10487,the_stack_python_script_1785.py,0
10662,the_stack_python_script_16813.py,1
10716,the_stack_python_script_47769.py,0
10764,the_stack_python_script_86985.py,0
10867,the_stack_python_script_11942.py,1
10886,the_stack_python_script_429.py,0
10903,the_stack_python_script_15934.py,0
10904,the_stack_python_script_10943.py,0
10925,the_stack_python_script_86677.py,0
10959,the_stack_python_script_10393.py,0
11003,the_stack_python_script_13096.py,0
11028,the_stack_python_script_86811.py,0
11054,the_stack_python_script_16999.py,1
11125,the_stack_python_script_80369.py,0
11146,the_stack_python_script_15622.py,0
11192,the_stack_python_script_10573.py,1
11313,the_stack_python_script_80297.py,0
11321,the_stack_python_script_32177.py,0
11378,the_stack_python_script_13247.py,0
11495,the_stack_python_script_15692.py,0
11502,the_stack_python_script_71575.py,1
11511,the_stack_python_script_16605.py,0
11625,the_stack_python_script_30900.py,1
11678,the_stack_python_script_19049.py,0
11719,the_stack_python_script_13651.py,0
11741,the_stack_python_script_1136.py,0
11789,the_stack_python_script_14987.py,1
11795,the_stack_python_script_12403.py,0
11868,the_stack_python_script_16859.py,0
11984,the_stack_python_script_87071.py,0
11988,the_stack_python_script_11343.py,0
12014,the_stack_python_script_79940.py,0
12103,the_stack_python_script_18900.py,0
12111,the_stack_python_script_92967.py,0
12131,the_stack_python_script_92395.py,1
12140,the_stack_python_script_1336.py,1
12176,the_stack_python_script_14150.py,0
12187,the_stack_python_script_8663.py,0
12227,the_stack_python_script_14158.py,0
12266,the_stack_python_script_11832.py,1
12351,the_stack_python_script_16360.py,0
12429,the_stack_python_script_7956.py,1
12438,the_stack_python_script_43054.py,0
12471,the_stack_python_script_10358.py,1
12595,the_stack_python_script_9280.py,0
12598,the_stack_python_script_14212.py,0
12644,the_stack_python_script_10950.py,1
12650,the_stack_python_script_79686.py,1
12658,the_stack_python_script_19065.py,0
12720,the_stack_python_script_11130.py,0
12761,the_stack_python_script_17131.py,0
12819,the_stack_python_script_15962.py,0
12827,the_stack_python_script_19063.py,0
12844,the_stack_python_script_86951.py,0
12850,the_stack_python_script_15378.py,0
12866,the_stack_python_script_71462.py,0
12951,the_stack_python_script_43164.py,0
12959,the_stack_python_script_18641.py,1
13001,the_stack_python_script_1689.py,0
13002,the_stack_python_script_10218.py,0
13021,the_stack_python_script_91827.py,0
13035,the_stack_python_script_17062.py,1
13039,the_stack_python_script_11274.py,1
13060,the_stack_python_script_10197.py,0
13092,the_stack_python_script_15277.py,1
13119,the_stack_python_script_17882.py,0
13121,the_stack_python_script_10722.py,0
13145,the_stack_python_script_18476.py,1
13173,the_stack_python_script_15865.py,0
13241,the_stack_python_script_17277.py,1
13283,the_stack_python_script_86584.py,0
0,the_stack_python_script_1208.py,0
1,the_stack_python_script_17640.py,0
2,the_stack_python_script_11268.py,0
3,the_stack_python_script_80492.py,0
4,the_stack_python_script_43062.py,0
5,the_stack_python_script_11578.py,0
6,the_stack_python_script_11794.py,1
7,the_stack_python_script_30838.py,0
8,the_stack_python_script_15141.py,1
9,the_stack_python_script_17271.py,0
10,the_stack_python_script_11411.py,0
11,the_stack_python_script_18996.py,0
12,the_stack_python_script_11000.py,1
13,the_stack_python_script_22200.py,0
14,the_stack_python_script_92128.py,0
15,the_stack_python_script_10576.py,0
16,the_stack_python_script_18965.py,0
17,the_stack_python_script_18664.py,1
18,the_stack_python_script_1343.py,0
19,the_stack_python_script_19167.py,1
20,the_stack_python_script_19266.py,0
21,the_stack_python_script_165.py,0
22,the_stack_python_script_19028.py,0
23,the_stack_python_script_16567.py,0
24,the_stack_python_script_86430.py,0
25,the_stack_python_script_14008.py,0
26,the_stack_python_script_14168.py,0
27,the_stack_python_script_11921.py,0
28,the_stack_python_script_14694.py,0
29,the_stack_python_script_80011.py,0
30,the_stack_python_script_32070.py,0
31,the_stack_python_script_16138.py,1
32,the_stack_python_script_14593.py,0
33,the_stack_python_script_10582.py,0
34,the_stack_python_script_17593.py,0
35,the_stack_python_script_15559.py,0
36,the_stack_python_script_17688.py,0
37,the_stack_python_script_71673.py,0
38,the_stack_python_script_15361.py,0
39,the_stack_python_script_15626.py,1
40,the_stack_python_script_18610.py,0
41,the_stack_python_script_11874.py,0
42,the_stack_python_script_16288.py,0
43,the_stack_python_script_13471.py,0
44,the_stack_python_script_91986.py,0
45,the_stack_python_script_11776.py,0
46,the_stack_python_script_47756.py,0
47,the_stack_python_script_15889.py,1
48,the_stack_python_script_22215.py,0
49,the_stack_python_script_18229.py,1
50,the_stack_python_script_13325.py,0
51,the_stack_python_script_92370.py,0
52,the_stack_python_script_18502.py,0
53,the_stack_python_script_14554.py,0
54,the_stack_python_script_13269.py,0
55,the_stack_python_script_7989.py,1
56,the_stack_python_script_10713.py,1
57,the_stack_python_script_10997.py,0
58,the_stack_python_script_42944.py,0
59,the_stack_python_script_11749.py,0
60,the_stack_python_script_91864.py,0
61,the_stack_python_script_13908.py,0
62,the_stack_python_script_18880.py,1
63,the_stack_python_script_14032.py,0
64,the_stack_python_script_20739.py,1
65,the_stack_python_script_15105.py,0
66,the_stack_python_script_12781.py,0
67,the_stack_python_script_16663.py,0
68,the_stack_python_script_80481.py,0
69,the_stack_python_script_79633.py,0
70,the_stack_python_script_80429.py,0
71,the_stack_python_script_14639.py,0
72,the_stack_python_script_15217.py,0
73,the_stack_python_script_18682.py,0
74,the_stack_python_script_16174.py,0
75,the_stack_python_script_13322.py,0
76,the_stack_python_script_32109.py,0
77,the_stack_python_script_17508.py,0
78,the_stack_python_script_91962.py,0
79,the_stack_python_script_31039.py,0
80,the_stack_python_script_14459.py,0
81,the_stack_python_script_92271.py,0
82,the_stack_python_script_17995.py,1
83,the_stack_python_script_47968.py,1
84,the_stack_python_script_10915.py,1
85,the_stack_python_script_1652.py,0
86,the_stack_python_script_17048.py,1
87,the_stack_python_script_79767.py,0
88,the_stack_python_script_86571.py,0
89,the_stack_python_script_18166.py,1
90,the_stack_python_script_11157.py,0
91,the_stack_python_script_12601.py,0
92,the_stack_python_script_7994.py,1
93,the_stack_python_script_18751.py,0
94,the_stack_python_script_79981.py,0
95,the_stack_python_script_71449.py,1
96,the_stack_python_script_71603.py,1
97,the_stack_python_script_14105.py,0
98,the_stack_python_script_19226.py,0
99,the_stack_python_script_11949.py,0
100,the_stack_python_script_12248.py,0
101,the_stack_python_script_155.py,1
102,the_stack_python_script_42951.py,0
103,the_stack_python_script_10152.py,0
104,the_stack_python_script_12811.py,0
105,the_stack_python_script_11680.py,0
106,the_stack_python_script_15222.py,0
107,the_stack_python_script_14323.py,0
108,the_stack_python_script_1096.py,0
109,the_stack_python_script_92299.py,0
110,the_stack_python_script_16930.py,1
111,the_stack_python_script_17592.py,1
112,the_stack_python_script_80460.py,0
113,the_stack_python_script_16552.py,1
114,the_stack_python_script_18233.py,0
115,the_stack_python_script_43223.py,0
116,the_stack_python_script_92990.py,0
117,the_stack_python_script_12704.py,0
118,the_stack_python_script_18266.py,1
119,the_stack_python_script_71374.py,0
120,the_stack_python_script_17886.py,1
121,the_stack_python_script_18427.py,0
122,the_stack_python_script_9196.py,0
123,the_stack_python_script_18169.py,0
124,the_stack_python_script_11202.py,1
125,the_stack_python_script_32214.py,0
126,the_stack_python_script_10561.py,0
127,the_stack_python_script_19003.py,0
128,the_stack_python_script_31033.py,0
129,the_stack_python_script_12524.py,0
130,the_stack_python_script_22214.py,0
131,the_stack_python_script_1595.py,0
132,the_stack_python_script_11058.py,0
133,the_stack_python_script_16287.py,0
134,the_stack_python_script_14726.py,0
135,the_stack_python_script_11520.py,0
136,the_stack_python_script_15649.py,0
137,the_stack_python_script_86337.py,0
138,the_stack_python_script_47861.py,0
139,the_stack_python_script_11780.py,0
140,the_stack_python_script_10361.py,0
141,the_stack_python_script_14372.py,0
142,the_stack_python_script_79850.py,0
143,the_stack_python_script_16441.py,0
144,the_stack_python_script_12552.py,0
145,the_stack_python_script_86539.py,0
146,the_stack_python_script_71639.py,0
147,the_stack_python_script_13716.py,0
148,the_stack_python_script_13452.py,1
149,the_stack_python_script_43090.py,1
150,the_stack_python_script_13640.py,0
151,the_stack_python_script_18099.py,0
152,the_stack_python_script_11365.py,0
153,the_stack_python_script_92489.py,0
154,the_stack_python_script_1814.py,0
155,the_stack_python_script_87035.py,1
156,the_stack_python_script_13565.py,0
157,the_stack_python_script_10968.py,0
158,the_stack_python_script_15662.py,0
159,the_stack_python_script_13167.py,1
160,the_stack_python_script_15863.py,0
161,the_stack_python_script_13900.py,1
162,the_stack_python_script_92513.py,0
163,the_stack_python_script_11006.py,1
164,the_stack_python_script_11203.py,0
165,the_stack_python_script_86622.py,0
166,the_stack_python_script_17849.py,0
167,the_stack_python_script_18264.py,0
168,the_stack_python_script_92466.py,1
169,the_stack_python_script_16934.py,1
170,the_stack_python_script_14220.py,1
171,the_stack_python_script_29644.py,1
172,the_stack_python_script_80144.py,0
173,the_stack_python_script_17681.py,1
174,the_stack_python_script_10408.py,0
175,the_stack_python_script_7131.py,0
176,the_stack_python_script_13995.py,1
177,the_stack_python_script_79971.py,0
178,the_stack_python_script_86804.py,0
179,the_stack_python_script_92457.py,1
180,the_stack_python_script_18634.py,0
181,the_stack_python_script_1115.py,0
182,the_stack_python_script_86649.py,1
183,the_stack_python_script_86240.py,1
184,the_stack_python_script_80303.py,0
185,the_stack_python_script_80308.py,1
186,the_stack_python_script_18067.py,0
187,the_stack_python_script_42968.py,0
188,the_stack_python_script_17998.py,0
189,the_stack_python_script_92093.py,0
190,the_stack_python_script_30956.py,0
191,the_stack_python_script_10684.py,1
192,the_stack_python_script_11126.py,0
193,the_stack_python_script_1699.py,0
194,the_stack_python_script_92548.py,0
195,the_stack_python_script_80404.py,0
196,the_stack_python_script_14623.py,0
197,the_stack_python_script_12387.py,0
198,the_stack_python_script_80233.py,1
199,the_stack_python_script_9299.py,0
200,the_stack_python_script_15299.py,0
201,the_stack_python_script_11582.py,0
202,the_stack_python_script_92382.py,0
203,the_stack_python_script_17323.py,0
204,the_stack_python_script_12722.py,1
205,the_stack_python_script_30961.py,0
206,the_stack_python_script_11965.py,0
207,the_stack_python_script_14580.py,0
208,the_stack_python_script_16555.py,0
209,the_stack_python_script_10828.py,0
210,the_stack_python_script_8635.py,0
211,the_stack_python_script_71241.py,0
212,the_stack_python_script_11257.py,0
213,the_stack_python_script_16995.py,0
214,the_stack_python_script_12719.py,0
215,the_stack_python_script_18642.py,0
216,the_stack_python_script_31023.py,0
217,the_stack_python_script_12120.py,0
218,the_stack_python_script_15014.py,0
219,the_stack_python_script_92462.py,0
220,the_stack_python_script_92821.py,0
221,the_stack_python_script_20738.py,0
222,the_stack_python_script_12423.py,0
223,the_stack_python_script_30851.py,0
224,the_stack_python_script_92333.py,0
225,the_stack_python_script_15552.py,0
226,the_stack_python_script_13080.py,0
227,the_stack_python_script_14047.py,0
228,the_stack_python_script_13848.py,0
229,the_stack_python_script_17175.py,0
230,the_stack_python_script_13034.py,0
231,the_stack_python_script_19041.py,0
232,the_stack_python_script_12208.py,0
233,the_stack_python_script_80112.py,1
234,the_stack_python_script_80026.py,0
235,the_stack_python_script_22186.py,0
236,the_stack_python_script_71386.py,0
237,the_stack_python_script_10434.py,0
238,the_stack_python_script_47830.py,0
239,the_stack_python_script_16002.py,1
240,the_stack_python_script_16484.py,0
241,the_stack_python_script_17415.py,0
242,the_stack_python_script_16765.py,0
243,the_stack_python_script_15822.py,0
244,the_stack_python_script_17385.py,1
245,the_stack_python_script_10818.py,1
246,the_stack_python_script_13699.py,0
247,the_stack_python_script_86303.py,0
248,the_stack_python_script_11951.py,1
249,the_stack_python_script_14469.py,0
250,the_stack_python_script_15446.py,1
251,the_stack_python_script_15065.py,1
252,the_stack_python_script_47996.py,0
253,the_stack_python_script_86660.py,1
254,the_stack_python_script_18828.py,0
255,the_stack_python_script_9235.py,0
256,the_stack_python_script_17460.py,0
257,the_stack_python_script_1088.py,0
258,the_stack_python_script_99933.py,0
259,the_stack_python_script_14015.py,0
260,the_stack_python_script_16872.py,1
261,the_stack_python_script_1265.py,0
262,the_stack_python_script_14106.py,1
263,the_stack_python_script_11464.py,0
264,the_stack_python_script_17782.py,0
265,the_stack_python_script_17526.py,0
266,the_stack_python_script_32125.py,1
267,the_stack_python_script_1451.py,1
268,the_stack_python_script_17304.py,0
269,the_stack_python_script_16496.py,0
270,the_stack_python_script_10391.py,0
271,the_stack_python_script_10691.py,0
272,the_stack_python_script_14031.py,0
273,the_stack_python_script_18863.py,0
274,the_stack_python_script_18820.py,0
275,the_stack_python_script_12047.py,0
276,the_stack_python_script_71464.py,0
277,the_stack_python_script_16687.py,0
278,the_stack_python_script_87018.py,0
279,the_stack_python_script_14326.py,0
280,the_stack_python_script_14727.py,0
281,the_stack_python_script_86701.py,0
282,the_stack_python_script_10602.py,0
283,the_stack_python_script_1512.py,0
284,the_stack_python_script_1799.py,0
285,the_stack_python_script_13935.py,0
286,the_stack_python_script_11475.py,0
287,the_stack_python_script_92718.py,0
288,the_stack_python_script_1146.py,1
289,the_stack_python_script_19205.py,0
290,the_stack_python_script_17803.py,0
291,the_stack_python_script_92120.py,0
292,the_stack_python_script_7974.py,1
293,the_stack_python_script_17002.py,0
294,the_stack_python_script_47730.py,0
295,the_stack_python_script_92751.py,0
296,the_stack_python_script_12493.py,1
297,the_stack_python_script_43110.py,0
298,the_stack_python_script_17675.py,0
299,the_stack_python_script_12486.py,1
300,the_stack_python_script_20579.py,0
301,the_stack_python_script_15986.py,1
302,the_stack_python_script_17275.py,1
303,the_stack_python_script_16961.py,1
304,the_stack_python_script_16737.py,0
305,the_stack_python_script_92536.py,0
306,the_stack_python_script_15536.py,0
307,the_stack_python_script_47875.py,0
308,the_stack_python_script_18053.py,0
309,the_stack_python_script_25142.py,0
310,the_stack_python_script_86702.py,0
311,the_stack_python_script_1501.py,0
312,the_stack_python_script_17654.py,0
313,the_stack_python_script_92589.py,0
314,the_stack_python_script_14119.py,0
315,the_stack_python_script_71391.py,0
316,the_stack_python_script_9298.py,0
317,the_stack_python_script_15420.py,0
318,the_stack_python_script_12291.py,0
319,the_stack_python_script_17300.py,1
320,the_stack_python_script_13382.py,0
321,the_stack_python_script_71396.py,1
322,the_stack_python_script_30981.py,0
323,the_stack_python_script_15505.py,0
324,the_stack_python_script_30976.py,0
325,the_stack_python_script_14958.py,0
326,the_stack_python_script_18631.py,0
327,the_stack_python_script_16906.py,0
328,the_stack_python_script_79761.py,0
329,the_stack_python_script_11439.py,0
330,the_stack_python_script_15422.py,0
331,the_stack_python_script_15444.py,1
332,the_stack_python_script_12868.py,0
333,the_stack_python_script_99940.py,0
334,the_stack_python_script_30963.py,0
335,the_stack_python_script_91907.py,0
336,the_stack_python_script_87127.py,1
337,the_stack_python_script_43222.py,0
338,the_stack_python_script_25094.py,0
339,the_stack_python_script_1166.py,0
340,the_stack_python_script_11518.py,1
341,the_stack_python_script_10469.py,0
342,the_stack_python_script_15527.py,0
343,the_stack_python_script_17507.py,1
344,the_stack_python_script_17075.py,1
345,the_stack_python_script_87096.py,1
346,the_stack_python_script_92251.py,0
347,the_stack_python_script_16440.py,0
348,the_stack_python_script_16168.py,0
349,the_stack_python_script_12152.py,0
350,the_stack_python_script_16246.py,0
351,the_stack_python_script_13016.py,1
352,the_stack_python_script_12057.py,0
353,the_stack_python_script_13410.py,1
354,the_stack_python_script_11822.py,0
355,the_stack_python_script_1844.py,0
356,the_stack_python_script_12312.py,1
357,the_stack_python_script_11098.py,0
358,the_stack_python_script_80249.py,1
359,the_stack_python_script_9232.py,0
360,the_stack_python_script_11739.py,1
361,the_stack_python_script_15905.py,0
362,the_stack_python_script_92829.py,0
363,the_stack_python_script_13776.py,1
364,the_stack_python_script_15263.py,1
365,the_stack_python_script_11510.py,1
366,the_stack_python_script_12084.py,1
367,the_stack_python_script_15680.py,0
368,the_stack_python_script_1397.py,0
369,the_stack_python_script_8672.py,0
370,the_stack_python_script_15948.py,0
371,the_stack_python_script_1762.py,0
372,the_stack_python_script_30911.py,0
373,the_stack_python_script_43024.py,0
374,the_stack_python_script_80155.py,0
375,the_stack_python_script_18430.py,0
376,the_stack_python_script_92532.py,1
377,the_stack_python_script_86640.py,0
378,the_stack_python_script_92420.py,0
379,the_stack_python_script_42957.py,1
380,the_stack_python_script_42984.py,0
381,the_stack_python_script_1653.py,0
382,the_stack_python_script_17901.py,0
383,the_stack_python_script_12540.py,0
384,the_stack_python_script_92084.py,0
385,the_stack_python_script_17972.py,0
386,the_stack_python_script_19652.py,0
387,the_stack_python_script_2516.py,0
388,the_stack_python_script_32160.py,0
389,the_stack_python_script_18133.py,0
390,the_stack_python_script_18865.py,0
391,the_stack_python_script_13864.py,0
392,the_stack_python_script_17700.py,0
393,the_stack_python_script_11899.py,0
394,the_stack_python_script_1557.py,0
395,the_stack_python_script_30832.py,0
396,the_stack_python_script_1226.py,0
397,the_stack_python_script_86865.py,0
398,the_stack_python_script_15974.py,1
399,the_stack_python_script_865.py,0
400,the_stack_python_script_12508.py,1
401,the_stack_python_script_92601.py,0
402,the_stack_python_script_18905.py,0
403,the_stack_python_script_1411.py,0
404,the_stack_python_script_11431.py,0
405,the_stack_python_script_17366.py,0
406,the_stack_python_script_31005.py,0
407,the_stack_python_script_86484.py,0
408,the_stack_python_script_13805.py,0
409,the_stack_python_script_80478.py,1
410,the_stack_python_script_15450.py,0
411,the_stack_python_script_17493.py,0
412,the_stack_python_script_1199.py,0
413,the_stack_python_script_80016.py,0
414,the_stack_python_script_13973.py,1
415,the_stack_python_script_25155.py,0
416,the_stack_python_script_13873.py,0
417,the_stack_python_script_10045.py,0
418,the_stack_python_script_17092.py,1
419,the_stack_python_script_16741.py,0
420,the_stack_python_script_92906.py,0
421,the_stack_python_script_1601.py,0
422,the_stack_python_script_11980.py,0
423,the_stack_python_script_3216.py,0
424,the_stack_python_script_92330.py,1
425,the_stack_python_script_1090.py,0
426,the_stack_python_script_87117.py,0
427,the_stack_python_script_11865.py,0
428,the_stack_python_script_43117.py,0
429,the_stack_python_script_15502.py,0
430,the_stack_python_script_10480.py,1
431,the_stack_python_script_17893.py,1
432,the_stack_python_script_13794.py,1
433,the_stack_python_script_13423.py,0
434,the_stack_python_script_12495.py,0
435,the_stack_python_script_13281.py,0
436,the_stack_python_script_86280.py,0
437,the_stack_python_script_47836.py,0
438,the_stack_python_script_92549.py,0
439,the_stack_python_script_15753.py,1
440,the_stack_python_script_12745.py,0
441,the_stack_python_script_16144.py,1
442,the_stack_python_script_10514.py,0
443,the_stack_python_script_8007.py,0
444,the_stack_python_script_14146.py,0
445,the_stack_python_script_86209.py,1
446,the_stack_python_script_92309.py,0
447,the_stack_python_script_1580.py,0
448,the_stack_python_script_13428.py,0
449,the_stack_python_script_17611.py,1
450,the_stack_python_script_15646.py,1
451,the_stack_python_script_47845.py,0
452,the_stack_python_script_11043.py,0
453,the_stack_python_script_1363.py,0
454,the_stack_python_script_18605.py,0
455,the_stack_python_script_47846.py,0
456,the_stack_python_script_7584.py,0
457,the_stack_python_script_43245.py,0
458,the_stack_python_script_16125.py,0
459,the_stack_python_script_11912.py,0
460,the_stack_python_script_92108.py,0
461,the_stack_python_script_18398.py,0
462,the_stack_python_script_18208.py,1
463,the_stack_python_script_92045.py,0
464,the_stack_python_script_12366.py,0
465,the_stack_python_script_15844.py,1
466,the_stack_python_script_11370.py,1
467,the_stack_python_script_91842.py,1
468,the_stack_python_script_92464.py,0
469,the_stack_python_script_17111.py,0
470,the_stack_python_script_18839.py,1
471,the_stack_python_script_91850.py,0
472,the_stack_python_script_71259.py,1
473,the_stack_python_script_20746.py,1
474,the_stack_python_script_13089.py,1
475,the_stack_python_script_18512.py,0
476,the_stack_python_script_86962.py,1
477,the_stack_python_script_12782.py,1
478,the_stack_python_script_17491.py,0
479,the_stack_python_script_92431.py,0
480,the_stack_python_script_91951.py,1
481,the_stack_python_script_16582.py,0
482,the_stack_python_script_32140.py,0
483,the_stack_python_script_86225.py,0
484,the_stack_python_script_1648.py,0
485,the_stack_python_script_10127.py,0
486,the_stack_python_script_18352.py,0
487,the_stack_python_script_11875.py,0
488,the_stack_python_script_30932.py,0
489,the_stack_python_script_16075.py,0
490,the_stack_python_script_18478.py,0
491,the_stack_python_script_10958.py,0
492,the_stack_python_script_18695.py,0
493,the_stack_python_script_91957.py,0
494,the_stack_python_script_1148.py,0
495,the_stack_python_script_11207.py,0
496,the_stack_python_script_13780.py,0
497,the_stack_python_script_17390.py,1
498,the_stack_python_script_17687.py,1
499,the_stack_python_script_14049.py,1
500,the_stack_python_script_17915.py,0
501,the_stack_python_script_80454.py,0
502,the_stack_python_script_14033.py,1
503,the_stack_python_script_14446.py,0
504,the_stack_python_script_86485.py,0
505,the_stack_python_script_13405.py,1
506,the_stack_python_script_91929.py,0
507,the_stack_python_script_13985.py,0
508,the_stack_python_script_92275.py,0
509,the_stack_python_script_92865.py,1
510,the_stack_python_script_17247.py,1
511,the_stack_python_script_86659.py,0
512,the_stack_python_script_19046.py,0
513,the_stack_python_script_11403.py,0
514,the_stack_python_script_14199.py,0
515,the_stack_python_script_17951.py,0
516,the_stack_python_script_92766.py,1
517,the_stack_python_script_32072.py,0
518,the_stack_python_script_14629.py,1
519,the_stack_python_script_16428.py,1
520,the_stack_python_script_87032.py,0
521,the_stack_python_script_79515.py,0
522,the_stack_python_script_22190.py,0
523,the_stack_python_script_11023.py,0
524,the_stack_python_script_12636.py,0
525,the_stack_python_script_14287.py,1
526,the_stack_python_script_71291.py,1
527,the_stack_python_script_79794.py,1
528,the_stack_python_script_14081.py,0
529,the_stack_python_script_12727.py,0
530,the_stack_python_script_10104.py,1
531,the_stack_python_script_7947.py,0
532,the_stack_python_script_1205.py,0
533,the_stack_python_script_91940.py,1
534,the_stack_python_script_14120.py,0
535,the_stack_python_script_17008.py,0
536,the_stack_python_script_15872.py,0
537,the_stack_python_script_19932.py,0
538,the_stack_python_script_13649.py,0
539,the_stack_python_script_13684.py,0
